Country and Regions,Country and Regions Name,Country and Regions - RegionId,Indicators,Indicators Name,Scale,Units,1980,1981,1982,1983,1984,1985,1986,1987,1988,1989,1990,1991,1992,1993,1994,1995,1996,1997,1998,1999,2000,2001,2002,2003,2004,2005,2006,2007,2008,2009,2010,2011,2012,2013,2014,2015,2016,2017,2018,2019,2020
KEN,Kenya,KE,NY.GDP.MKTP.KD.ZG,Real GDP growth (annual %),units,percentage,,4.1,5.0523556004,1.5930549409,1.6001240776,4.0728854279,6.9821038937,5.8106859736,6.0908480085,4.5542262134,4.133687241,1.3393001148,-1.080186747,-0.094759474,2.5311821309,4.2868716347,4.0110310475,0.2201195016,3.3304624082,2.4069530327,0.599251604,4.4647031824,0.54538372,2.9322615926,5.0883788513,5.9,6.7373881648,6.8507297706,0.2322827457,3.3,8.4,6.1,4.5,5.9,5.4,5.7,5.9,4.9,5.8803032663,5.998787842,6.0844716021
KEN,Kenya,KE,NY.GDP.PCAP.KD.ZG,Real per Capita GDP Growth Rate (annual %),units,percentage,,0.2031845124,1.1172334436,-2.1943843822,-2.1464068464,0.2942583548,3.1634514804,2.0997172475,2.4425529867,1.0360743908,0.7097245721,-1.9175719831,-4.1881981314,-3.1599483894,-0.5367103362,1.2437791419,1.0501621216,-2.571038258,0.4992202414,-0.3727037393,-2.1198804169,1.6495893208,-2.1564722859,0.1672347039,2.2598135829,3.0405436425,3.8458090425,3.9502190166,-2.4880700278,0.5047809187,5.4823913005,3.2614153103,1.7231978098,3.1118205765,2.6578354802,2.9879022596,3.2224118568,2.2863680849,3.2805824774,3.4329796223,3.5521178744
KEN,Kenya,KE,NY.GDP.MKTP.KD,"Gross domestic product, (constant prices US$)",millions,U.S. dollars,6905.3725939798,7188.49287033297,7551.68109245159,7671.9835212159,7794.74477676838,8112.21580092338,8678.61913622499,9182.90644107579,9742.22331516447,10185.9062031517,10606.9597082516,10749.018731801,10632.9092560275,10622.8335671456,10891.7168321924,11358.6307516035,11814.2289576212,11840.2343795206,12234.5689345733,12529.0492625818,12604.1297912538,13166.8667751577,13238.6767229835,13626.8693559001,14320.2560943,15165.1512038637,16186.8863062468,17295.8061453671,17335.9813187666,17908.0687022859,19412.3464732779,20596.4996081479,21523.3420905145,22793.2192738549,24024.053114643,25393.4241421777,26891.6361665662,28209.3263387279,29868.120276837,31659.8454446455,33586.1797499871
KEN,Kenya,KE,NY.GDP.MKTP.CD,"Gross domestic product, current prices (current US$)",millions,U.S. dollars,10019.0129043419,9436.86143000164,9085.71056038249,8402.46415680728,8718.37349960068,8676.31451395208,10304.5288249733,11296.3446052882,11712.2666457679,11611.4615771936,12082.6047779455,11409.6332871022,11237.0349415488,7806.67388796233,9346.87713036226,11848.638682563,11949.8558286871,13175.4190600787,13657.4285779451,12779.8560568032,12604.1297912538,12983.2693790441,13102.9849774348,14904.512285972,16092.0337934157,18755.1100713652,25811.5041183497,31958.1828913734,35314.9939384448,37021.5061630611,40017.1762928636,41462.426248534,60497.6350732087,55097.3569474531,61445.3712915636,64007.3945665028,70875.7173266285,74938.0158614416,84418.7378080404,91211.9481888655,98502.5016099821
KEN,Kenya,KE,NE.CON.TETC.CD,Final consumption expenditure  (current US$),millions,U.S. dollars,5768.04637078026,5334.07018513402,5269.95229942411,4765.80400405664,4993.79071590617,4627.52782663202,5651.52813129788,6440.79127290407,6841.68117607947,6878.11398711873,6907.18662174665,6436.04200974993,6814.83573787589,4463.77926012003,5544.96472829907,7608.38152199698,10621.0768243987,11858.2938410481,12612.5901377288,11469.1151657122,11414.5109370826,12083.8383250806,12006.8319642832,13359.0057095086,14606.4787310245,17288.899191946,23392.4336601949,28634.473738255,32665.1326803114,33862.0020630282,36425.5736129505,39633.8417192822,56381.3137755074,51337.9145769481,56697.080508968,57301.2184383227,64937.1256878878,70923.8137690327,79707.5091364366,85282.5787080716,91750.1440774509
KEN,Kenya,KE,NE.CON.GOVT.CD,General government final consumption expenditure (current US$),millions,U.S. dollars,1439.31624392367,1273.27991157778,1184.73215348416,1101.30338429178,1076.73842610258,1071.07429969389,1326.29100747579,1480.44607858033,1538.27949355106,1495.19990278284,1598.09380836839,1367.11272034579,1287.40284572025,893.255840817361,1083.29616453704,1342.73903456751,1872.62394136464,2089.86327377473,2313.54819038204,2043.91473149202,1932.79158688971,2074.05632788281,2245.36714614134,2702.37680318197,2874.05182606478,3259.45158299113,3705.18593763605,4675.35017596608,5626.19733503147,5632.62657374508,5665.10343642242,5878.36362831,6986.16801360514,7790.45021001398,8535.39048049924,9114.555889609,9620.37402747993,10453.4086785153,12108.7935802443,12969.1763635796,13954.4793690461
KEN,Kenya,KE,NE.CON.PETC.CD,Household final consumption expenditure (current US$),millions,U.S. dollars,4328.73012685659,4060.79027355623,4085.22014593996,3664.50061976487,3917.05228980359,3556.45352693813,4325.23712382208,4960.34519432374,5303.40168252841,5382.91408433589,5309.09281337825,5068.92928940413,5527.43289215565,3570.52341930267,4461.66856376203,6265.64248742947,8748.45288303402,9768.43056727336,10299.0419473468,9425.20043422014,9481.71935019293,10009.7819971978,9761.46481814184,10656.6289063266,11732.4269049597,14029.4476089548,19687.2477225589,23959.1235622889,27038.93534528,28229.3754892831,30760.4701765281,33755.4780909722,49395.1457619023,43547.4643669342,48161.6900284688,48186.6625487137,55316.7516604078,60470.4050905174,67598.7155561923,72313.402344492,77795.6647084048
KEN,Kenya,KE,NE.GDI.TOTL.CD,Gross capital formation (current US$),millions,U.S. dollars,2126.6301806288,1905.49875656259,1406.29720846342,1245.53957104759,1284.8708538286,1571.31468284638,1575.27872449263,1936.24844267526,2128.79850792524,2059.05942398833,2071.42981828338,1709.39257449678,1386.66782548236,1012.90833136499,1379.10744934042,1973.886734928,1807.33550358193,1985.85828148146,2352.67846042668,2001.64486670669,2212.52911264138,2440.11600035207,1990.33406217047,2456.58368493092,2749.61441946037,3171.89496116532,4812.21888642543,6537.6773794033,7040.01082024299,7157.2281516111,8357.83994140939,9043.20501062924,10826.4440027413,11077.5093936068,13783.8281895915,13763.9467134983,12137.6745265835,12833.3870735471,14495.0112546449,15388.9905474419,16342.7247437001
KEN,Kenya,KE,NE.GDI.PVTE.CD,"Gross capital formation, Private sector  (current US$)",millions,U.S. dollars,1153.14134776771,1156.32400472968,1032.20743454063,1007.88957294309,974.423881426108,1335.28607286866,1300.20466311294,1544.94934031354,1593.29674403723,1259.72358331512,1438.01975656887,1201.51508845669,801.108718709666,652.545775402701,576.298406524857,790.658104802257,810.443311362496,1045.90145073392,1105.34882832948,811.590991080678,1633.4282206223,1865.72544599583,1422.43526944155,1824.21116675738,2098.02199072705,2622.0870395863,3878.71477040461,5456.84890164286,5536.0621018173,4707.7228398284,5611.95505573655,6152.24392514705,7305.47627294699,7515.40134607642,8398.62178101492,6549.23645928149,7290.06346836748,8539.71738688946,9614.48153264994,10204.1633515637,10854.0646436993
KEN,Kenya,KE,NE.GDI.PUB.CD,"Gross capital formation, Public sector  (current US$)",millions,U.S. dollars,973.488832861087,749.174751832905,374.089773922788,237.649998104504,310.446972402488,236.02860997772,275.074061379681,391.299102361712,535.50176388801,799.335840673217,633.410061714507,507.877486040093,585.559106772691,360.362555962286,802.809042815561,1183.22863012574,996.89219221943,939.956830747534,1247.3296320972,1190.05387562601,579.100892019088,574.390554356238,567.898792728921,632.37251817354,651.592428733326,549.807921579017,933.504116020818,1080.82847776044,1503.94871842569,2449.50531178269,2745.88488567284,2890.96108548219,3520.96772979426,3562.10804753043,5385.20640857658,7214.71025421682,4847.61105821599,4293.66968665766,4880.52972199492,5184.82719587817,5488.66010000076
KEN,Kenya,KE,NE.EXPO.GNFS.CD,Exports of goods and services (current US$),millions,U.S. dollars,2029.59762485866,1761.81265542968,1607.71998571729,1496.45043759156,1624.82048578109,1553.05773455614,1869.87310254719,1701.66215928773,1863.96650720399,1942.39883339409,2233.73540244733,2199.80441982122,2150.6791487671,2326.12027661449,2644.48195023782,2967.08134194572,3019.49118575013,2973.73688529894,2871.89460414434,2731.08008395164,2816.81986726704,2866.11971681768,3104.39673019386,3557.20008957923,4239.71374491342,5235.23031298518,5935.97840987515,7004.91469456176,8138.88539287878,7416.38107348831,8661.75313281938,9072.84105590683,11205.4236658888,10978.2442493227,11243.1377615745,10620.4565734208,10275.4394234669,10405.0910523078,11663.6991104748,12726.2405516043,13600.2643506813
KEN,Kenya,KE,NE.IMP.GNFS.CD,Imports of goods and services (current US$),millions,U.S. dollars,2838.20225627646,2318.87261674496,1847.59620226509,1523.49472260827,1709.46100638967,1615.13135874295,1856.31436548192,2107.63013157495,2314.74438077207,2539.31218860129,2679.08949674446,2302.10230515597,2143.04338109309,2050.9540303407,2419.99193585796,3502.6113265072,3474.8407509424,3783.54760090786,3820.72388248819,3403.02554618336,3839.73012573729,4406.80466320626,3998.57777921271,3558.81743410563,5503.77310198257,-6940.91439473129,8329.12683814583,10218.8829208467,12529.0349549884,11414.1051250665,13427.9903943158,16287.4615372842,17915.5463709288,18296.3112724247,20278.6751685705,17678.227158739,16474.5223113096,19224.2760334461,21447.4816935159,22185.8616182523,23190.6315618501
KEN,Kenya,KE,NE.CON.TETC.ZS,Final consumption expenditure  (% of GDP),units,Percentage of GDP,57.5710045076,56.5237735523,58.00264343,56.7191232848,57.2789261223,53.3351784239,54.8450902248,57.0165969431,58.4146637282,59.2355573964,57.166370569,56.4088419654,60.6462093722,57.1790153423,59.3242497035,64.2131279874,88.8803762712,90.0031626089,92.3496693814,89.7436959754,90.5616740396,93.072383945,91.6343259567,89.6306128855,90.7683821606,92.182339246,90.6279368801,89.5998180985,92.4964980519,91.4657602365,91.0248472965,95.5897792418,93.195897174,93.1767282883,92.2723377159,89.5228103353,91.6211195276,94.6433034739,94.4192145086,93.499350032,93.1449887849
KEN,Kenya,KE,NE.CON.GOVT.ZS,General government final consumption expenditure (% of GDP),units,Percentage of GDP,14.3658487884,13.4926206242,13.0395101804,13.1069096367,12.350221359,12.3448072102,12.8709524715,13.1055321904,13.1339179689,12.8769310637,13.2264014071,11.9820916759,11.4567842177,11.4422077012,11.5899262334,11.3324329532,15.6706822928,15.8618353181,16.9398520166,15.993253151,15.3345896853,15.9748385967,17.1363025296,18.1312662322,17.8600906695,17.3790053515,14.3547850627,14.6295870196,15.9314690662,15.2144716883,14.1566796092,14.1775678854,11.5478365479,14.1394263566,13.8910227102,14.239848304,13.5735825899,13.9494067975,14.3437273461,14.2187253108,14.1666243405
KEN,Kenya,KE,NE.CON.PETC.ZS,Household final consumption expenditure  (% of GDP),units,Percentage of GDP,43.2051557193,43.0311529281,44.9631332496,43.612213648,44.9287047634,40.9903712137,41.9741377533,43.9110647528,45.2807457594,46.3586263327,43.9399691619,44.4267502895,49.1894251545,45.7368076411,47.7343234701,52.8806950342,73.2096939783,74.1413272908,75.4098173647,73.7504428245,75.2270843543,77.0975453483,74.4980234271,71.4993466533,72.9082914912,74.8033338944,76.2731518175,74.9702310789,76.5650289857,76.2512885482,76.8681676873,81.4122113565,81.6480606261,79.0373019317,78.3813150057,75.2829620313,78.0475369378,80.6938966763,80.0754871625,79.2806247212,78.9783644444
KEN,Kenya,KE,NE.GDI.TOTL.ZS,Gross capital formation (% of GDP),units,Percentage of GDP,21.2259451199,20.1920815591,15.478120276,14.8235035319,14.7375064155,18.1103933049,15.2872465229,17.1404866825,18.1758029621,17.7329908927,17.1439011401,14.9820115291,12.3401576367,12.9749025757,14.7547403278,16.6591858171,15.1243289416,15.07244872,17.2263647362,15.6624993099,17.5540013415,18.7943108097,15.1899285972,16.4821474047,17.0868049046,16.9121639334,18.6436980362,20.456974671,19.9349059284,19.3326228276,20.8856314105,21.8106025837,17.8956483004,20.1053371837,22.4326550558,21.5036822022,17.1252933789,17.1253360875,17.1703719234,16.8716827707,16.5911773575
KEN,Kenya,KE,NE.GDI.PVTE.ZS,"Gross capital formation, Private sector (% GDP)",units,Percentage of GDP,11.5095305174,12.2532688787,11.3607783088,11.9951665861,11.1766705277,15.390014628,12.6177983021,13.6765422293,13.6036583885,10.8489665572,11.901570754,10.5307073262,7.1291824122,8.3588194507,6.1656786378,6.6729868805,6.7820342185,7.9382784408,8.0933890448,6.3505487658,12.9594684256,14.3702282647,10.855810885,12.2393214334,13.0376434555,13.9806539637,15.0270776651,17.0749661212,15.676236874,12.7161839907,14.0238656887,14.8381184648,12.0756394264,13.6402211693,13.6684368643,10.2319997613,10.2856997338,11.395707891,11.3890372947,11.1873099459,11.0190751162
KEN,Kenya,KE,NE.GDI.PUB.ZS,"Gross capital formation, Public sector (% GDP)",units,Percentage of GDP,9.7164146025,7.9388126804,4.1173419672,2.8283369458,3.5608358878,2.7203786769,2.6694482208,3.4639444531,4.5721445736,6.8840243354,5.2423303862,4.4513042029,5.2109752245,4.616083125,8.58906169,9.9861989367,8.3422947231,7.1341702792,9.1329756914,9.3119505442,4.5945329159,4.4240825449,4.3341177122,4.2428259714,4.0491614491,2.9315099697,3.6166203711,3.3820085498,4.2586690544,6.6164388369,6.8617657217,6.9724841189,5.820008874,6.4651160144,8.7642181915,11.2716824409,6.8395936451,5.7296281965,5.7813346287,5.6843728249,5.5721022414
KEN,Kenya,KE,NE.EXPO.GNFS.ZS,Exports of goods and services (% of GDP),units,Percentage of GDP,20.2574609319,18.6694768011,17.6950385447,17.8096616619,18.6367386744,17.8999704547,18.1461290886,15.0638301039,15.9146522495,16.7282888591,18.4872007609,19.280237712,19.1392049589,29.7965600971,28.2926790772,25.041537863,25.2680135145,22.5703400532,21.028077048,21.3701944045,22.3483882975,22.0754852506,23.6922864182,23.866598392,26.346661953,27.9136208375,22.9974137991,21.9190018355,23.0465433664,20.0326292529,21.6450882727,21.8820794556,18.522085454,19.9251740148,18.2977782138,16.5925462915,14.4978277625,13.8849300088,13.8164812852,13.9523832177,13.8070243175
KEN,Kenya,KE,NE.IMP.GNFS.ZS,Imports of goods and services (% of GDP),units,Percentage of GDP,28.3281624984,24.5724983242,20.3351866647,18.1315230173,19.6075679307,18.6154081453,18.0145487194,18.6576295715,19.7634194198,21.8690142642,22.1731120564,20.1768299403,19.0712531574,26.2718035847,25.8909141749,29.561297465,29.0785160989,28.7167154506,27.9754264185,26.6280428438,30.4640636786,33.9421800053,30.5165409721,23.877449767,34.2018490182,-37.008124017,32.2690487155,31.975794605,35.4779473467,30.831012317,33.5555669796,39.2824612811,29.6136309283,33.2072394868,33.0027709855,27.619038829,23.244240669,25.6535695701,25.4060677172,24.3234160204,23.5431904599
KEN,Kenya,KE,GC.BAL.CASH.GD.CD,"Central government, Fiscal Balance (Current US $)",millions,U.S. dollars,-546.968966102306,-504.948340825428,-390.922795017082,-259.367225267003,-313.704753871807,-370.143844432935,-429.706247965662,-365.498200486206,-333.761436567039,-396.190368684485,-576.511603383371,-930.077786667065,-1193.1162199772,-895.784329257604,-518.163530572217,-57.5368086021802,-114.612909254419,-204.365918272696,-80.6621245822704,37.1235831692464,102.596440519998,-216.73886273876,-285.118559164864,-529.765206491704,-147.456674193011,6.41402605331281,-811.275035388195,-247.675694150727,-1186.43272780282,-1250.74400077217,-2326.54546361401,-1694.64367567124,-2749.55241513996,-2993.05708187589,-3623.60387821289,-5542.92205634664,-5660.83589969625,-6674.279264631,-5693.825804288,-5196.01398441546,-4796.21228326864
KEN,Kenya,KE,GC.REV.TOTL.GD.CD,"Central government, total revenue and grants  (Current US $)",millions,U.S. dollars,1811.54922329707,1721.55442158315,1566.74996269697,1377.20994035454,1412.97303687225,1430.80519820756,1669.10541400377,1962.42127461009,2151.46488254299,2126.04437718648,2188.10633046936,1607.00620212984,1471.17851922498,1100.29216186411,1847.61938706282,2697.81952018664,2639.29587162984,2890.16558788727,3061.59865274663,2673.53336328133,2475.67609544291,2837.65565855691,2598.25206962297,3109.42913199641,3619.40325379958,4248.69268831943,5219.57504320353,6462.54991886973,6820.86934707091,7059.61549690634,8192.67004794109,8164.2234173242,11567.806430593,10858.5072573156,12127.0248822511,12459.6146618909,13598.3341050934,13962.7721566096,14456.4751277307,18310.9340588791,19924.39680896
KEN,Kenya,KE,GC.XPN.TOTL.GD.CD,"Central government, total expenditure and net lending  (Current US $)",millions,U.S. dollars,2358.51818939938,2226.50276240858,1957.67275771405,1636.57716562154,1726.67779074406,1800.94904264049,2098.81166196943,2327.9194750963,2485.22631911003,2522.23474587097,2764.61793385273,2537.08398879691,2664.29473920218,1996.07649112172,2365.78291763504,2755.35632878882,2753.90878088426,3094.53150615997,3142.2607773289,2636.40978011208,2373.07965492291,3054.39452129567,2883.37062878784,3639.19433848811,3766.85992799259,4242.27866226611,6030.85007859172,6420.19806387859,8222.38128130609,8310.35949767851,10519.2155115551,9858.86709299544,14317.3588457329,13851.5643391915,15750.628760464,18002.5367182375,19259.1700047896,20637.0514212407,20150.3009320187,23506.9480432946,24720.6090922286
KEN,Kenya,KE,GC.BAL.CASH.GD.ZS,"Central government, Fiscal Balance (% of GDP)",units,Percentage of GDP,-5.4593099273,-5.3508080475,-4.3026111433,-3.0867995439,-3.5982027369,-4.266141388,-4.1700717739,-3.2355440035,-2.8496741635,-3.4120628661,-4.7714181998,-8.1516886938,-10.6177138915,-11.474596507,-5.5437075223,-0.4855984737,-0.9591154144,-1.5511151284,-0.590609895,0.2904851432,0.8139906699,-1.6693704522,-2.1759817298,-3.5543947788,-0.9163333615,0.0341988185,-3.1430753964,-0.7749993014,-3.3595722255,-3.3784254894,-5.8138671419,-4.0871792343,-4.5448923942,-5.4323060991,-5.8972772107,-8.6598151571,-7.9869892161,-8.9063997597,-6.7447416914,-5.6966374336,-4.8691273875
KEN,Kenya,KE,GC.REV.TOTL.GD.ZS,"Central government, total revenue and grants  (% of GDP)",units,Percentage of GDP,18.0811147824,18.2428706234,17.2441104335,16.3905482327,16.2068422159,16.4909328253,16.1977848998,17.3721796137,18.3693297601,18.3098773832,18.1095580852,14.084643754,13.0922305295,14.0942503511,19.7672373488,22.7690251384,22.0864243842,21.9360429806,22.4170943694,20.9199020036,19.6417851644,21.8562488054,19.8294669047,20.8623339854,22.4918944384,22.6535204121,20.2218941572,20.2218941572,19.3143721303,19.0689580964,20.4728839136,19.6906552655,19.1210886452,19.7078550749,19.7362708164,19.4658988173,19.1861678696,18.6324284091,17.1247231398,20.0751485112,20.2273003054
KEN,Kenya,KE,GC.XPN.TOTL.GD.ZS,"Central government, total expenditure and net lending  (% of GDP)",units,Percentage of GDP,23.5404247097,23.5936786709,21.5467215767,19.4773477766,19.8050449527,20.7570742133,20.3678566737,20.6077236171,21.2190039236,21.7219402493,22.880976285,22.2363324478,23.7099444209,25.5688468581,25.3109448711,23.2546236121,23.0455397987,23.487158109,23.0077042644,20.6294168604,18.8277944945,23.5256192575,22.0054486344,24.4167287642,23.4082277999,22.6193215935,23.3649695537,20.0893714317,23.2829752021,22.4473835858,26.2867510555,23.7778344998,23.6659810394,25.140161174,25.6335480271,28.1257139744,27.1731570857,27.5388281689,23.8694648312,25.7717859448,25.0964276929
KEN,Kenya,KE,BG.CAB.CD,"Current account balance (Net, BoP, cur. US$)",millions,U.S. dollars,-1076.66876187148,-642.950296342333,-295.140616308505,-36.0571373518392,-110.087293456857,-95.7470634721005,-32.1013010160953,-487.758033113409,-460.299509507258,-676.065000795628,-473.728012858921,-142.064625405558,-101.189489955932,170.93391707033,-7.65530036649558,-499.642541017533,-185.852228559007,-439.611746399314,-539.070025309591,-225.384437145843,-275.409980245741,-392.789347756046,317.323061781423,-11.6371422280536,-131.266574062382,-252.523513048086,-478.7515598805,-1017.78537451602,-1982.59567667128,-1715.31025578959,-2367.4092973035,-3819.30029556759,-4216.14668223607,-4842.14770029476,-6377.9265171221,-4288.94615603225,-3697.33738413299,-5018.2680757635,-4902.81457705914,-4753.01090655525,-5237.3635175601
KEN,Kenya,KE,BG.WEO.ADB.CAB.GDP.ZS,Current account balance (As % of GDP),units,Percentage of GDP,-10.7462558652,-6.8131793723,-3.2484043416,-0.4291257502,-1.262704488,-1.1035453281,-0.3115261412,-4.3178395327,-3.9300634406,-5.8223936436,-3.9207440909,-1.2451287595,-0.9004999137,2.1895870062,-0.0819022253,-4.2168771823,-1.5552675381,-3.3366054195,-3.9470828804,-1.7635913593,-2.1850773104,-3.0253500585,2.421761624,-0.0780779807,-0.8157239523,-1.3464251187,-1.8547991535,-3.1847410661,-5.6140337448,-4.6332805808,-5.9159828769,-9.2114732328,-6.9691099117,-8.7883484228,-10.3798323341,-6.7007041688,-5.2166489788,-6.6965585065,-5.8077326247,-5.2109520747,-5.3169852866
KEN,Kenya,KE,FP.CPI.TOTL.ZG,"Inflation, consumer prices (annual %)",units,percentage,,7.8953155927,13.8171025688,11.6055854552,20.6625422031,11.3992990936,10.2829257117,13.0075328636,4.8047625718,7.6176222131,16.5014933345,19.6000246082,27.3000127187,40.7819526731,28.8136292945,1.5548134386,8.99999459,11.2000083825,6.6067294365,5.7276942213,10.0,5.8,1.989766913,9.8104793757,4.7977952363,9.9,7.2509726208,7.0275694356,15.1138676371,10.5373850289,4.0838429309,14.0224939638,9.3777674816,5.7174935704,6.8781549928,6.5821744025,6.2971575246,8.0057227913,4.7647891311,5.4958105157,5.3672874728
NGA,Nigeria,NG,NY.GDP.MKTP.KD.ZG,Real GDP growth (annual %),units,percentage,,20.8382279622,-1.0531883983,-5.0504502302,-2.0215359103,8.3228258598,-8.7541765507,-10.7516975998,7.5425182716,6.4671916212,12.7660088565,-0.6178494436,0.433726281,2.0903783447,0.9097607773,-0.3074662793,4.993705316,2.8022565547,2.7156392491,0.4742379374,5.3180920267,8.1643105479,21.1771178879,10.3354737672,10.5850162509,6.5119281084,6.0310229011,6.4498316504,5.9836635883,6.9344168804,10.6,4.88738659,4.279277261,5.3944163074,6.3097186627,2.6526932888,-1.5830654925,0.824,1.9427225265,2.3401126945,2.4454969702
NGA,Nigeria,NG,NY.GDP.PCAP.KD.ZG,Real per Capita GDP Growth Rate (annual %),units,percentage,,17.6015314503,-3.5952290785,-7.4275503204,-4.4686153375,5.5820711497,-11.0988396207,-13.0645393065,4.7500442696,3.7218429366,9.8949139437,-3.115803396,-2.0667959985,-0.4332002974,-1.5748162801,-2.7586103994,2.4133163433,0.2759087361,0.1888737527,-2.0023767949,2.7142893542,5.481894411,18.160302167,7.5716445172,7.7907890907,3.7936467109,3.2990117631,3.6849806296,3.2130495595,4.1261876938,7.687403752,2.1190935812,1.5240855175,2.6146256148,3.5196242382,-0.0222351906,-4.1271770126,-1.7623664834,-0.6537501401,-0.250533767,-0.1337620995
NGA,Nigeria,NG,NY.GDP.MKTP.KD,"Gross domestic product, (constant prices US$)",millions,U.S. dollars,30445.4708165402,36789.767429456,36402.3018671274,34563.821728681,33865.1016604636,36683.6350989082,33472.2849171353,29873.4460631014,32126.6561907674,34204.3486081084,38570.8787807277,38332.5688207893,38498.8272459475,39303.5983936603,39661.1671159133,39539.222401055,41513.6946520016,42677.0148814855,43835.9686479513,44043.8554415067,46386.1482059927,50173.2573967391,60798.5072638461,67082.3210329501,74182.9956157687,79013.7389589251,83779.0756505533,89182.6849882994,94519.0768370165,101073.423656386,111787.206563963,117250.679506938,122268.161173464,128863.814798598,136994.758970349,140628.809747522,138402.563587889,139543.000711853,142253.934020789,145582.836389249,149143.060242337
NGA,Nigeria,NG,NY.GDP.MKTP.CD,"Gross domestic product, current prices (current US$)",millions,U.S. dollars,60592.5261423844,62312.4485730303,53934.0180689523,36507.7197013534,26475.7775370606,25965.9890500636,20562.826233317,21911.7892986157,24311.3126631498,23487.1387419545,31479.9527155924,28336.8753104519,25521.8247359252,15789.6873445059,18086.4305480057,36945.479588687,46019.8385166207,35386.2294195673,32748.9071291657,35870.792991612,46386.1481076614,44138.1133091626,59116.8682490039,67656.0233237659,93550.7342395634,165344.706665525,244135.696579257,265697.266578114,332122.733223036,270534.004467769,369062.403205629,414095.238505478,460951.712208956,513258.046204339,554863.289256545,494583.095075663,404649.570538402,375745.475265181,409182.443363982,458464.952757843,512956.808745281
NGA,Nigeria,NG,NE.CON.TETC.CD,Final consumption expenditure  (current US$),millions,U.S. dollars,48410.7417113628,53218.5031299928,45332.1949000704,30828.2424633243,27598.6964279871,26658.2298389405,19299.6544584191,17130.5872740758,20886.1558482358,18217.2968220128,19950.2319942011,21562.4744862852,21227.41883298,16504.6254500452,18213.6561857126,22818.449953472,26179.4188412168,26485.9614408933,25931.3046280947,27928.3219051532,26896.0606444739,28651.1350099286,43881.7173974175,48967.6555821583,70113.5722957831,135595.85531409,177099.662268005,220546.149695112,256159.937081753,217545.41336259,276178.297975371,306109.609666835,306970.56990734,412205.424498545,444635.629972419,417971.820183226,351719.602385331,317618.203140804,333461.443419343,379896.842103247,429956.738271872
NGA,Nigeria,NG,NE.CON.GOVT.CD,General government final consumption expenditure (current US$),millions,U.S. dollars,6427.02633922891,7972.77764394122,6850.93979294401,4716.88606159854,2850.22822405058,2052.82454477792,2102.38710695752,3288.30462835516,3399.82535641236,3302.17586413021,3466.52892947137,3154.13122771968,2322.01161774553,1951.81444487467,2363.96150148016,2303.57242900151,2360.43185547091,2527.95071165084,3939.81104651163,4943.32488172972,9623.36810931474,12811.540581744,11325.2553615064,13571.1116376559,5846.69222698573,7551.39848565139,9975.79421339397,16944.9451886812,24221.6160503636,21960.3092844951,32150.4414978174,35174.5029746158,37798.2721610884,36846.9573611165,36750.5252600737,29354.2933653895,21787.4708101509,17376.2833468705,18163.5857101944,19391.9799502153,20789.1502452636
NGA,Nigeria,NG,NE.CON.PETC.CD,Household final consumption expenditure (current US$),millions,U.S. dollars,41983.7153721339,45245.7254860516,38481.2551071263,26111.3564017258,24748.4682039366,24605.4052941626,17197.2673514616,13842.2826457206,17486.3304918234,14915.1209578826,16483.7030647297,18408.3432585655,18905.4072152344,14552.8110051705,15849.6946842324,20514.8775244705,23818.9869857458,23958.0107292425,21991.4935815831,22984.9970234235,17272.6925351591,15839.5944281846,32556.4620359111,35396.5439445024,64266.8800687974,128044.456828438,167123.868054611,203601.20450643,231938.321031389,195585.104078095,244027.856477554,270935.106692219,269172.297746252,375358.467137429,407885.104712345,388617.526817837,329932.13157518,300241.919793933,315297.857709148,360504.862153032,409167.588026609
NGA,Nigeria,NG,NE.GDI.TOTL.CD,Gross capital formation (current US$),millions,U.S. dollars,12000.2554453238,11556.2524301614,10487.4870185144,6600.11389955281,5732.12468901866,5735.00547671521,5077.22011154856,4302.94074251935,4317.29498678344,4845.71900123018,6911.89398108438,6501.09574633646,6053.31404509132,4816.82993914206,4505.19277831195,4153.49890730219,5501.00867825087,6056.70129204642,8643.76820936492,10329.6533073854,9449.96725346381,10596.9951406585,18011.3984958089,17204.8519612989,6428.37716712537,15810.0983101096,31368.7532033506,40167.3460140316,45183.1894959826,53438.7705566194,63813.6268257683,67133.040021409,68717.2523197558,76749.3734156606,89837.7804385366,76611.4362411496,62181.4682120146,58144.0859790558,62730.0621744748,67960.695783406,73738.3281365118
NGA,Nigeria,NG,NE.GDI.PVTE.CD,"Gross capital formation, Private sector  (current US$)",millions,U.S. dollars,6660.26519794496,5977.70927593529,5290.28135851072,3593.34894020871,5047.9925964962,5306.6657749025,5747.21532850795,3992.25178288692,4095.88368455872,4693.98972049353,5803.86069960317,5628.02200638516,5735.66714023615,5255.60326925532,4442.01541735122,2508.41687559866,3751.56485885132,4154.88377944598,4943.28745098124,7798.13686308946,5044.88529589434,3779.77241319818,12800.8925815821,4331.71263059619,4380.52433063,10937.8107765728,19263.3887017266,23342.6601056446,31116.0406361891,38501.4827300934,41543.7150719477,43793.9137492998,44818.8445148913,49460.5791036209,58598.4863215373,49797.4335567472,40455.7859064586,37894.9038909055,40722.004631609,43898.5606034745,47391.9945285738
NGA,Nigeria,NG,NE.GDI.PUB.CD,"Gross capital formation, Public sector  (current US$)",millions,U.S. dollars,5339.99024737888,5578.54315422612,5197.20566000371,3006.7649593441,684.132092522451,428.339701812712,-669.995216959387,310.68895963243,221.411302224718,151.729280736646,1108.03328148121,873.073739951303,317.64690485517,-438.773330113258,63.1773609607363,1645.08203170353,1749.44381939955,1901.81751260044,3700.48075838368,2531.51644429596,4405.08195756947,6817.22272746036,5210.50591422678,12873.1393307027,2047.85283649537,4872.28753353681,12105.364501624,16824.685908387,14067.1488597934,14937.287826526,22269.9117538206,23339.1262721092,23898.4078048645,27288.7943120397,31239.2941169993,26814.0026844023,21725.682305556,20249.1820881503,22008.0575428658,24062.1351799315,26346.333607938
NGA,Nigeria,NG,NE.EXPO.GNFS.CD,Exports of goods and services (current US$),millions,U.S. dollars,18842.088477618,13825.581707974,8603.87823821489,4889.46186474775,12320.99778222,12855.99768592,7118.89871859801,7756.698603794,6806.898774758,9946.410294,14321.9692600563,12443.7984739341,12316.4354019421,10408.030361851,10316.3065162865,12239.8220451553,16332.1318217303,16761.6426458624,10949.6161471791,13832.1103452956,24954.1083602809,20798.9264374203,19354.0501318548,28846.8673957869,37356.3473138096,35116.4530461438,66841.755126893,56141.5288026282,82982.7227487357,52147.0414048099,93240.3524929885,129735.23152543,144917.44487457,97579.5390951917,98323.2526357674,52753.7642663268,37301.0373429612,49491.5486160908,64102.0418975135,64329.4001495773,65335.3606974456
NGA,Nigeria,NG,NE.IMP.GNFS.CD,Imports of goods and services (current US$),millions,U.S. dollars,14551.4696526276,17471.693567815,12449.4924112976,6327.39182465201,10852.0,10429.0,8536.0,6689.0,6631.3,7300.25769940168,9164.83594712658,10792.5045120251,11535.6943376515,10719.5431646619,9646.24562539257,11801.8807408585,12681.862581221,13918.0759592348,12546.95102131,14759.185217849,14913.9881505572,15908.9432788448,22042.3400263439,16154.4892288,20347.5625371547,-21177.7000048179,31174.4740189919,51157.7579336573,52203.1161034349,52597.2208562507,64169.8740884985,88882.6427081958,59653.5548927109,73276.2908050586,77933.3737901779,52753.9256150392,46552.5374019042,49508.3624707702,51111.1041273487,53721.9852783872,56073.6183605492
NGA,Nigeria,NG,NE.CON.TETC.ZS,Final consumption expenditure  (% of GDP),units,Percentage of GDP,79.8955659937,85.4058929615,84.0512102067,84.4430786571,104.2413065654,102.6659519402,93.8570128417,78.1797736397,85.9112633597,77.5628611989,63.3744026697,76.093338627,83.1735937874,104.5278800646,100.7034314337,61.7624949182,56.8872462074,74.8482160302,79.1821984343,77.8581112263,57.9829577184,64.9124596904,74.2287585543,72.3773777655,74.9471106408,82.0079808109,72.5414860463,83.006555745,77.1280949653,80.4133342833,74.8324119652,73.9225137608,66.5949516569,80.3115367693,80.1342670495,84.5099285327,86.9195541014,84.5301471473,81.4945628356,82.8627880535,83.81928672
NGA,Nigeria,NG,NE.CON.GOVT.ZS,General government final consumption expenditure (% of GDP),units,Percentage of GDP,10.6069621922,12.7948392761,12.7024465045,12.9202428971,10.7654183907,7.9058207289,10.2242127765,15.0070109909,13.9845404628,14.0595067812,11.0118619325,11.130836386,9.0981410686,12.361324213,13.070359545,6.2350589427,5.1291615346,7.1438826716,12.0303588482,13.7809188743,20.7462108882,29.0260267629,19.1574007503,20.0589850998,6.2497555733,4.5670639466,4.0861677965,6.3775383943,7.2929714312,8.1173933486,8.7113835543,8.4943026878,8.2000502786,7.1790316067,6.6233477636,5.9351590577,5.3842812143,4.6244823932,4.4389943911,4.2297627842,4.0528071547
NGA,Nigeria,NG,NE.CON.PETC.ZS,Household final consumption expenditure  (% of GDP),units,Percentage of GDP,69.2886038015,72.6110536854,71.3487637022,71.52283576,93.4758881747,94.7601312113,83.6328000652,63.1727626488,71.9267228969,63.5033544177,52.3625407371,64.9625022409,74.0754527188,92.1665558516,87.6330718887,55.5274359756,51.7580846729,67.7043333585,67.1518395861,64.077192352,37.2367468303,35.8864329276,55.071357804,52.3183926657,68.6973550675,77.4409168643,68.4553182498,76.6290173507,69.8351235342,72.2959409346,66.1210284109,65.4282110729,58.3949013784,73.1325051625,73.5109192859,78.574769475,81.5352728872,79.9056647541,77.0555684445,78.6330252693,79.7664795653
NGA,Nigeria,NG,NE.GDI.TOTL.ZS,Gross capital formation (% of GDP),units,Percentage of GDP,19.8048442759,18.5456561166,19.4450319001,18.0786802176,21.6504489094,22.0866051575,24.691256221,19.6375598719,17.7583787704,20.63137215,21.9564941648,22.9421757872,23.7181867195,30.5061768105,24.9092421324,11.2422384377,11.9535592813,17.115983792,26.3940661448,28.796835659,20.3723905497,24.0087179677,30.4674436067,25.4298894852,6.8715411155,9.5619016955,12.8489006904,15.1177114207,13.6043651868,19.753069734,17.2907416934,16.2119806699,14.907690003,14.953369749,16.1909757192,15.4901040905,15.3667451393,15.4743276517,15.330584973,14.8235313026,14.3751534007
NGA,Nigeria,NG,NE.GDI.PVTE.ZS,"Gross capital formation, Private sector (% GDP)",units,Percentage of GDP,10.9918922712,9.5931221013,9.8088025849,9.842709897,19.0664564598,20.436986878,27.9495399285,18.2196521173,16.8476451326,19.9853620829,18.4366881108,19.8611242232,22.4735778087,33.2850369649,24.5599340653,6.7895095788,8.1520600241,11.7415272766,15.0945111893,21.7395162268,10.8758444098,8.5635115093,21.6535363945,6.402552822,4.682511972,6.6151562981,7.8904432951,8.7854347944,9.3688379396,14.23166112,11.2565557237,10.5758071277,9.7231105402,9.6365910811,10.5608872413,10.0685676588,9.9977335581,10.0852588748,9.9520410252,9.5751180847,9.2389834233
NGA,Nigeria,NG,NE.GDI.PUB.ZS,"Gross capital formation, Public sector (% GDP)",units,Percentage of GDP,8.8129520047,8.9525340152,9.6362293152,8.2359703206,2.5839924496,1.6496182795,-3.2582837075,1.4179077546,0.9107336378,0.6460100671,3.519806054,3.081051564,1.2446089108,-2.7788601544,0.3493080671,4.4527288589,3.8014992573,5.3744565154,11.2995549555,7.0573194322,9.4965461399,15.4452064584,8.8139072122,19.0273366631,2.1890291435,2.9467453974,4.9584573953,6.3322766264,4.2355272472,5.521408614,6.0341859697,5.6361735422,5.1845794629,5.3167786679,5.630088478,5.4215364317,5.3690115812,5.3890687769,5.3785439478,5.2484132179,5.1361699774
NGA,Nigeria,NG,NE.EXPO.GNFS.ZS,Exports of goods and services (% of GDP),units,Percentage of GDP,31.096390392,22.1875115239,15.952600133,13.392953339,46.5368685206,49.5109108347,34.6202347762,35.3996585951,27.9988944615,42.3483269004,45.4955234191,43.9137990255,48.2584436238,65.9166336531,57.0389303124,33.1294171342,35.4893288377,47.3676990196,33.4350581654,38.5609271268,53.7964659242,47.1223731104,32.7386255482,42.6375450087,39.9316452377,21.2383291575,27.3789355934,21.1298857251,24.9855593875,19.2755958747,25.2641156843,31.3298051901,31.4387474949,19.011789453,17.7202663322,10.6663096235,9.2181087189,13.171562101,15.6658827711,14.0314760731,12.737010131
NGA,Nigeria,NG,NE.IMP.GNFS.ZS,Imports of goods and services (% of GDP),units,Percentage of GDP,24.0152879885,28.0388493277,23.0828201885,17.3316544457,40.9884090649,40.1640776321,41.5118034026,30.5269456038,27.276602016,31.0819371385,29.1132455945,38.0864311742,45.1993321677,67.8895213742,53.3341589972,31.9440453128,27.557381751,39.3318988418,38.3125793231,41.1454110348,32.1518141923,36.0435507685,37.2860414958,23.8773850947,21.750296994,-12.8082116639,12.7693223301,19.2541528908,15.7180195396,19.4419998919,17.3872693428,21.4642996208,12.9413891548,14.2766959713,14.0455091009,10.6663422467,11.5044079597,13.1760368999,12.4910305797,11.7177954291,10.9314502517
NGA,Nigeria,NG,GC.BAL.CASH.GD.CD,"Central government, Fiscal Balance (Current US $)",millions,U.S. dollars,-2230.33709416236,-7450.15914685408,-8496.93745413621,-4718.61206254588,-1744.25167616105,-426.799385928613,780.013186353161,-1177.55543794041,-1142.82708004092,-634.553184247514,935.729042768297,197.703382821272,531.876311685588,-1076.86713578213,-1144.58185189924,1262.07327744593,1185.5208559744,-357.803749695642,-2976.74418604651,-1853.69869885585,2757.08231314592,-2356.18667457814,-1970.58076922306,,7613.17678238036,-1215.07217879383,13828.8142400021,-931.872369381589,-90.5447618029018,-19052.0576681412,-7354.06475234788,-7662.05253661429,-7520.17979940493,-16345.2212384665,-8440.00139415128,-17310.3099095813,-15572.3139191769,-19589.4049239169,-16411.8527811216,-19187.1631316358,-22331.6252934094
NGA,Nigeria,NG,GC.REV.TOTL.GD.CD,"Central government, total revenue and grants  (Current US $)",millions,U.S. dollars,12580.5963646563,7956.97166499848,6802.08757350475,3864.24364067261,2478.61353376803,3403.76747201159,2791.53849246272,2495.86617332004,2641.69170914612,3175.48475745258,6039.023738642,4769.44622324911,4324.61841295499,2325.75512622726,1971.56599309312,5843.21456226115,6024.2627795887,4495.98246895544,3325.58139534884,7255.34746762171,19537.9313057416,20209.1503267974,17024.8495115098,21629.3853191805,33073.2364947064,41761.770834588,47180.1116710497,51346.9635268126,56789.0641796653,32535.5495897769,48595.4489421934,72252.5919260887,67650.4053824303,62041.9807931697,63504.4606898959,37538.9081637426,22391.2391712559,24722.8401885433,28557.9531318528,29368.3246339086,30538.9549592004
NGA,Nigeria,NG,GC.XPN.TOTL.GD.CD,"Central government, total expenditure and net lending  (Current US $)",millions,U.S. dollars,14810.9334588187,15407.1308118526,15299.025027641,8582.85570321849,4222.86520992908,3830.5668579402,2011.52530610956,3673.42161126046,3784.51878918704,3810.03794170009,5103.29469587371,4571.74284042784,3792.74210126941,3402.62226200939,3116.14784499236,4581.14128481522,4838.7419236143,4853.78621865108,6302.32558139535,9109.04616647755,16780.8489925956,22565.3370013756,18995.4302807328,21629.3853191805,25460.0611445801,42976.8430133819,33351.2974310477,46362.9664039275,66758.7138102911,51587.6072579181,55949.5136945412,79914.644462703,75170.5851818352,78387.2020316362,71944.4620840471,54849.2180733238,37963.5530904328,44312.2451124602,44969.8059129744,48555.4877655445,52870.5802526098
NGA,Nigeria,NG,GC.BAL.CASH.GD.ZS,"Central government, Fiscal Balance (% of GDP)",units,Percentage of GDP,-3.6808782141,-11.9561328715,-15.7543193672,-12.9249706669,-6.5881036873,-1.6436862278,3.7933170154,-5.3740724771,-4.7008036788,-2.7017049255,2.9724601279,0.6976894264,2.0840058154,-6.8200662387,-6.3284010013,3.4160424807,2.5761082485,-1.0111383879,-9.0895985454,-5.1677103968,5.943762148,-5.3382133896,-3.3333646176,,8.1380192729,-0.7348721367,5.6643966588,-0.3507271194,-0.0272624403,-7.0423892574,-1.9926344945,-1.8503116733,-1.6314463316,-3.1846010714,-1.5210956568,-3.4999801008,-3.8483455941,-5.2134772641,-4.0108887972,-4.1850883075,-4.3535098692
NGA,Nigeria,NG,GC.REV.TOTL.GD.ZS,"Central government, total revenue and grants  (% of GDP)",units,Percentage of GDP,20.7626206821,12.7694735919,12.6118687556,10.5847302222,9.3618158345,13.1085608388,13.5756557041,11.3905174028,10.866100674,13.5201004786,19.1837128639,16.8312355226,16.9447853267,14.7295831481,10.9008020563,15.8157767264,13.0905778329,12.7054578651,10.1547858749,20.2263369793,42.1201848026,45.7861671278,28.7986322953,31.9696373753,35.3532623379,25.257398121,19.3253638579,19.3253638579,17.0988187495,12.026417771,13.1672715834,17.4483030007,14.6762456003,12.0878730011,11.4450643824,7.5900103618,5.5334889251,6.5796774189,6.9792713727,6.4057949157,5.9535139097
NGA,Nigeria,NG,GC.XPN.TOTL.GD.ZS,"Central government, total expenditure and net lending  (% of GDP)",units,Percentage of GDP,24.4434988962,24.7256064634,28.3661881228,23.5097008891,15.9499195218,14.7522470666,9.7823386887,16.7645898799,15.5669043528,16.2218054041,16.2112527359,16.1335460962,14.8607795113,21.5496493868,17.2292030576,12.3997342458,10.5144695844,13.716596253,19.2443844203,25.3940473761,36.1764226546,51.1243805174,32.1319969128,31.9696373753,27.2152445959,25.9922702577,13.6609671991,17.4495458689,20.1006155653,19.0688070283,15.1599060778,19.298614674,16.3076919319,15.2724740725,12.9661600392,11.0899904626,9.3818345192,11.793154683,10.9901601699,10.5908832231,10.3070237789
NGA,Nigeria,NG,BG.CAB.CD,"Current account balance (Net, BoP, cur. US$)",millions,U.S. dollars,5361.54169233486,-6144.75159849299,-7186.48064763018,-5133.25981311135,-1050.9737903625,-200.446695647795,-3854.58505730128,-1305.12441931664,-1950.58483465263,649.442585796248,2398.48337914748,-336.091222664851,-1108.30797519983,-1900.63779491871,-1468.49256637309,-1570.80939539992,1908.00329625602,1693.29254425135,-3027.1755158185,-1416.5384970122,5786.33965507298,2028.94796057214,-7699.395107017,-4015.62570111632,20071.0164905684,26188.2989753843,36517.576481256,27648.2562934331,28877.2326245743,13867.46818117,14469.0954857772,12565.3908972851,18780.399936602,19984.6612167529,1173.52847467026,-15805.887771667,3435.88017588581,10381.3972536854,15181.2034916824,15250.3303254859,14970.5077022164
NGA,Nigeria,NG,BG.WEO.ADB.CAB.GDP.ZS,Current account balance (As % of GDP),units,Percentage of GDP,8.8485198319,-9.8611942545,-13.3245786332,-14.0607516851,-3.9695672352,-0.7719586389,-18.745405002,-5.9562658327,-8.0233628751,2.7650987757,7.6190818989,-1.1860560453,-4.3425890847,-12.0372098158,-8.1193055892,-4.2516957768,4.1460451791,4.7851737018,-9.2435924774,-3.9490024582,12.4742835763,4.5968162399,-13.024023997,-5.9353557952,21.4546862232,15.8386074181,14.9579012791,10.4059242496,8.6947473738,5.1259612293,3.9205010752,3.0344205219,4.0742662277,3.8936868822,0.2114986696,-3.1958002465,0.8491001662,2.7628801774,3.7101307101,3.3263895602,2.9184733387
NGA,Nigeria,NG,FP.CPI.TOTL.ZG,"Inflation, consumer prices (annual %)",units,percentage,,20.7764978069,7.7122617979,23.2011856243,39.6011267493,5.5306422137,5.3568087097,10.187296154,34.5161583391,50.4520775961,7.3570405597,24.1030095715,44.8047953394,57.1690418985,57.030042279,72.8518558731,29.2615479788,8.5356157915,9.9888196133,6.6175524619,6.9444444444,18.9,12.9,14.0,14.9872642948,17.9,8.2395265173,5.3822236518,11.98,11.97,13.59,10.8400275419,12.2177817351,8.475827285,8.0624858244,9.0093871833,15.6753405526,16.5235399802,11.862133852,12.2152689324,11.4346409048
ZAF,South Africa,ZA,NY.GDP.MKTP.KD.ZG,Real GDP growth (annual %),units,percentage,,5.3607405594,-0.383353977,-1.8465489606,5.0990754891,-1.2114403722,0.0177868911,2.1007777883,4.2000426639,2.3948598131,-0.3177832031,-1.0183080152,-2.1370417156,1.2336134007,3.2340992466,3.1156957193,4.3066962106,2.6467643194,0.517382743,2.3581285988,4.1545885216,2.7354231498,3.6678376111,2.9490744247,4.5545434037,5.2770921799,5.6037661275,5.3604651396,3.1910516451,-1.5381008639,3.0397770628,3.2841668017,2.2133536521,2.485185837,1.8470084388,1.2795382582,0.5653629365,1.2615851301,0.6963713115,1.7075967014,1.9846617353
ZAF,South Africa,ZA,NY.GDP.PCAP.KD.ZG,Real per Capita GDP Growth Rate (annual %),units,percentage,,2.6951163637,-2.9184383489,-4.3185755512,2.534490397,-3.5151220701,-2.1869013981,-0.0433233911,2.0555642208,0.247947049,-2.4930385154,-3.2775289792,-4.4303684644,-1.1274967111,0.9330845655,0.9860052915,2.3363379603,0.863363295,-1.1025260455,0.7982650726,2.6295888972,1.280956856,2.2544035127,1.6039942491,3.2571995908,4.0410586398,4.4400162479,4.2567492628,2.1165099176,-2.617337614,1.8136286638,1.9426044298,0.7964031544,1.0190582473,0.4050514836,-0.0973017386,-0.7348896379,0.0088154595,-0.4987994303,0.5398381469,0.8451181458
ZAF,South Africa,ZA,NY.GDP.MKTP.KD,"Gross domestic product, (constant prices US$)",millions,U.S. dollars,95564.7549001642,100687.733476588,100301.743045955,98449.6222522761,103469.642809653,102216.169783686,102234.350862492,104382.067397424,108766.158761577,111370.95578801,111017.037597384,109886.542205292,107538.220958535,108864.826863154,112385.623408547,115887.217466196,120878.127869382,124077.487027788,124719.442533618,127660.487376267,132964.25533142,136601.390352715,141611.707525357,145787.942174369,152427.917278061,160471.678980726,169464.136571679,178548.202536755,184245.767891016,181411.882143358,186926.398925886,193065.373662974,197338.593161921,202242.823930018,205978.265954941,208613.836671427,209793.261984332,212439.982581526,213919.353674274,217572.233501272,221890.306366261
ZAF,South Africa,ZA,NY.GDP.MKTP.CD,"Gross domestic product, current prices (current US$)",millions,U.S. dollars,80546.9953775038,82796.5811965812,75938.8525646929,84687.1914549861,74936.6402385309,57272.7680775618,65423.6917013357,85792.1108218303,92234.8851535686,95978.9489741439,111997.526761217,120243.398891666,130531.982045168,130447.546453608,135819.928444657,151116.625310174,143830.648915371,148835.543593862,134215.055318534,133104.807708037,132964.25533142,118562.727388964,111101.350005218,168219.306652566,219093.021491743,247051.497563423,271636.479092675,299417.205082494,286769.145477302,295936.485832635,375348.270354484,416416.881678595,396329.407332969,366644.893064516,350637.590576985,317536.088073099,295746.436384692,348872.074567345,347456.568864925,360282.995868618,374367.299816403
ZAF,South Africa,ZA,NE.CON.TETC.CD,Final consumption expenditure  (current US$),millions,U.S. dollars,50024.7806336138,56816.5373145893,57234.1640419222,60555.6054214164,54852.6381432677,40403.0206356257,47146.8645925874,63721.5561656754,67888.7339617413,70844.7084661491,85897.3764358487,94171.2659163009,105993.31699398,105659.773561248,109824.828207728,122622.301765801,116670.892111598,122330.054948394,109928.584676201,107912.293681295,107875.650656785,96209.157164278,90715.6373318119,136274.298555802,180347.044517616,203874.622012067,221489.614637712,240555.628101332,135071.577519183,234892.195853051,297446.793930706,330925.667817288,322952.756653858,297479.266762792,284008.460460669,255008.043409282,236692.528925134,279209.240903681,278154.272942667,287813.648974602,298834.201017583
ZAF,South Africa,ZA,NE.CON.GOVT.CD,General government final consumption expenditure (current US$),millions,U.S. dollars,11510.7969092258,12331.6533326344,12489.1786852333,13916.1655147653,13206.9844368527,10426.3978067637,12299.6196986473,16465.8673988104,17087.0959370478,18402.550063294,22027.0395621724,23781.017774108,26387.3548830474,26180.4794751112,27177.8190830235,27687.2093055314,27449.0329933595,28625.031467287,25210.5537346155,24544.1510570458,24129.8862341932,21652.6600876428,20891.4562829839,32318.9794771803,42422.1595773172,48076.2910558188,53621.8443340151,58331.8666469847,54585.0370768482,58786.2444976811,75931.5866872666,82709.6916920455,80296.0437467035,75437.1590164399,72917.4527823639,64968.9231582663,61535.5502633059,73034.0453587639,74000.4414215531,76355.958679878,78872.2434229017
ZAF,South Africa,ZA,NE.CON.PETC.CD,Household final consumption expenditure (current US$),millions,U.S. dollars,38513.983724388,44484.8839819549,44744.985356689,46639.4399066511,41645.6537064151,29976.6228288621,34847.2448939401,47255.6887668649,50801.6380246935,52442.1584028551,63870.3368736762,70390.2481421929,79605.9621109323,79479.2940861364,82647.0091247043,94935.0924602695,89221.8591182388,93705.0234811066,84718.0309415858,83368.1426242495,83745.7644225917,74556.4970766352,69824.181048828,103955.319078621,137924.884940299,155798.330956249,167867.770303697,182223.761454347,80486.5404423351,176105.95135537,221515.207243439,248215.976125243,242656.712907155,222042.107746352,211091.007678306,190039.120251016,175156.978661828,206175.195544917,204153.831521114,211457.690294724,219961.957594681
ZAF,South Africa,ZA,NE.GDI.TOTL.CD,Gross capital formation (current US$),millions,U.S. dollars,24050.0543119586,27636.2583881337,19025.2528043322,20976.57301858,18743.560544439,11785.0556609996,12477.2978910561,13550.3897290315,18328.3702885897,20023.0298778349,19293.7093208416,20071.559978561,19262.2045504749,19953.8518976418,22828.0950771657,27173.0230019106,24857.7110493447,24760.6316027049,22832.9607038717,21816.5866816816,21158.8539789194,17552.7426160338,17634.1229709602,28012.2938629829,39400.6523532863,44338.9476564355,54844.7548936359,62859.9532174367,80486.5404423351,59844.2238927505,73241.5985808415,82121.3536860505,79131.1184668406,77595.0957338252,71878.905126579,66618.1209003015,57236.0483599464,64896.6688523083,67331.8620491942,71031.1820839365,75240.591965066
ZAF,South Africa,ZA,NE.GDI.PVTE.CD,"Gross capital formation, Private sector  (current US$)",millions,U.S. dollars,16605.5924625787,21234.5555214972,15420.6037833158,13517.6375549771,13357.4643457513,7108.27533910359,7434.03806514575,7704.6998325172,11276.1549525615,12659.9508899294,11176.7775997749,13041.588805354,13025.1997713893,14261.1879715533,18382.016620675,24204.7204756321,20563.673394049,20180.9183214082,18837.8662897075,17538.644860119,15456.1446512768,13139.3334960654,11992.7732610659,20283.4433171708,30016.8748953037,32804.1892039783,40463.693038215,44334.6913977591,44643.5055385146,36560.6523714552,47223.5375234487,55036.4588768213,51908.8463529047,51771.2166993939,47469.7641268427,43096.9495110093,36012.1694667814,40675.1079280171,42049.0376378817,44311.0510689243,46835.1483205434
ZAF,South Africa,ZA,NE.GDI.PUB.CD,"Gross capital formation, Public sector  (current US$)",millions,U.S. dollars,7444.46184937997,6401.70286663651,3604.64902101637,7458.93546360291,5386.0961986877,4676.78032189602,5043.25982591038,5845.6898965143,7052.21533602819,7363.0789879055,8116.93172106674,7029.97117320702,6237.00477908563,5692.66392608845,4446.07845649067,2968.30252627853,4294.03765529563,4579.71328129669,3995.09441416425,4277.94182156256,5702.70932764265,4413.40911996839,5641.34970989424,7728.85054581213,9383.77745798261,11534.7584524572,14381.0618554209,18525.2618196777,35843.0349038205,23283.5715212953,26018.0610573927,27084.8948092292,27222.272113936,25823.8790344312,24409.1409997363,23521.1713892921,21223.878893165,24221.5609242911,25282.8244113125,26720.1310150122,28405.4436445226
ZAF,South Africa,ZA,NE.EXPO.GNFS.CD,Exports of goods and services (current US$),millions,U.S. dollars,28496.4446852603,23474.8096752543,20090.8069477446,20941.5671842743,19094.6803318692,17986.0634369377,19987.4837529485,25959.8335977368,26828.5924159985,25616.5449082618,27711.2997232658,26993.2496052612,27839.6639562975,28024.8734599448,30089.5572828658,34702.4749868352,35543.977578006,36601.663208882,34450.6790538829,33741.6605013847,37058.3824780471,35720.0311515616,36662.3876765083,46899.7653590667,57889.7748963186,67643.7612138386,79518.5740340099,93339.8719157006,80486.5404423351,82601.4609910665,107406.796867032,126844.544792051,117804.469662307,113554.804047678,110340.92000897,95756.2989704433,90801.790094543,103869.333998657,105437.270768835,108298.71203332,111576.910304394
ZAF,South Africa,ZA,NE.IMP.GNFS.CD,Imports of goods and services (current US$),millions,U.S. dollars,22027.800532591,25138.4775615643,20405.776279678,17786.5541692846,17732.9049400792,12921.1592564175,14231.7606333396,17453.5738667898,20846.1074920716,20522.9002394497,20888.7961288128,21010.9657699941,22581.9685064218,23232.8765446455,26964.9093162104,33385.4412214751,33339.9234768046,34878.3409578208,32916.5671782182,30286.8656579611,33128.631782331,30919.203542909,32390.6242571198,40166.4804444336,58544.4502754776,-68805.8333189188,84216.4644726835,97338.2481519752,80486.5404423351,81401.3949042331,102746.919024095,123474.684616796,123558.937450036,121984.273479779,115590.695019234,99846.3752069279,88983.9309949314,99103.1691873013,103466.836895771,106860.54722324,111284.403470639
ZAF,South Africa,ZA,NE.CON.TETC.ZS,Final consumption expenditure  (% of GDP),units,Percentage of GDP,62.1063273672,68.6218398072,75.3687501311,71.5050344462,73.1986888773,70.5449064046,72.0639012666,74.2743773935,73.604183329,73.8127570924,76.6957797372,78.3172022617,81.2010323702,80.9979002547,80.8606140979,81.1441504296,81.116850262,82.191425512,81.9048089764,81.0731749961,81.1313163736,81.1462078201,81.6512466568,81.0099038378,82.3152847542,82.5231273734,81.5389801022,80.341284341,47.1011542383,79.372502918,79.2455480479,79.4698011481,81.4859434295,81.1355271517,80.9977218909,80.3083658795,80.0322505382,80.0319834283,80.0544004252,79.8854379127,79.8237990241
ZAF,South Africa,ZA,NE.CON.GOVT.ZS,General government final consumption expenditure (% of GDP),units,Percentage of GDP,14.2907837285,14.8939160946,16.4463621235,16.4324324324,17.6242014518,18.2048085971,18.7999475095,19.1927523884,18.5256325832,19.1735273828,19.667433915,19.7773998351,20.2152411,20.0697369838,20.0101850989,18.3217493434,19.084272511,19.232658259,18.7837002896,18.4397179033,18.1476489106,18.2626197663,18.8039625819,19.2124079693,19.3626247374,19.4600281844,19.7402957486,19.481801866,19.0344874746,19.8644801543,20.2296354305,19.8622330965,20.2599257741,20.5749924364,20.79567472,20.4603273765,20.8068611124,20.9343340103,21.2977528856,21.1933284544,21.0681444297
ZAF,South Africa,ZA,NE.CON.PETC.ZS,Household final consumption expenditure  (% of GDP),units,Percentage of GDP,47.8155436387,53.7279237126,58.9223880076,55.0726020138,55.5744874254,52.3400978075,53.263953757,55.0816250051,55.0785507459,54.6392297096,57.0283458222,58.5398024266,60.9857912702,60.9281632709,60.850428999,62.8224010862,62.032577751,62.9587672531,63.1211086867,62.6334570928,62.983667463,62.8835880538,62.8472840749,61.7974958685,62.9526600168,63.063099189,61.7986843536,60.859482475,28.0666667637,59.5080227637,59.0159126174,59.6075680517,61.2260176554,60.5605347153,60.202047171,59.848038503,59.2253894258,59.0976494179,58.7566475396,58.6921094583,58.7556545944
ZAF,South Africa,ZA,NE.GDI.TOTL.ZS,Gross capital formation (% of GDP),units,Percentage of GDP,29.8584127182,33.378501852,25.0533846138,24.7694753577,25.0125445774,20.5770666524,19.0715283204,15.7944472973,19.8714079365,20.861897418,17.2269065923,16.6924422992,14.7566935311,15.2964562693,16.8076182476,17.9814914118,17.2826245566,16.6362355421,17.0122201639,16.3905324363,15.9131895457,14.8046042821,15.8721050375,16.6522466537,17.9835268531,17.9472490933,20.1904969012,20.9941019255,28.0666667637,20.2219823366,19.5129708502,19.7209472764,19.9659972242,21.1635555824,20.4994863809,20.9797007025,19.3530813286,18.6018525366,19.3784973671,19.7153856547,20.0980673264
ZAF,South Africa,ZA,NE.GDI.PVTE.ZS,"Gross capital formation, Private sector (% GDP)",units,Percentage of GDP,20.6160296666,25.6466574037,20.3066062529,15.9618441971,17.8250109736,12.411265559,11.3629143691,8.9806623927,12.2254773059,13.1903412417,9.979486086,10.8459914852,9.9785505187,10.9325076318,13.5341086033,16.0172452409,14.2971428893,13.5592062448,14.0355835975,13.1765675201,11.6242854989,11.0821788478,10.7944442264,12.057738033,13.7005161967,13.2782798435,14.896266206,14.8069952712,15.5677506603,12.3542226531,12.581258861,13.2166733142,13.0973996359,14.1202612333,13.5381275147,13.5722996944,12.1767044455,11.6590323196,12.1019550084,12.2989570912,12.5104805744
ZAF,South Africa,ZA,NE.GDI.PUB.ZS,"Gross capital formation, Public sector (% GDP)",units,Percentage of GDP,9.2423830516,7.7318444483,4.7467783608,8.8076311606,7.1875336038,8.1658010934,7.7086139512,6.8137849046,7.6459306306,7.6715561762,7.2474205063,5.8464508139,4.7781430124,4.3639486375,3.2735096443,1.9642461709,2.9854816673,3.0770292974,2.9766365664,3.2139649162,4.2889040468,3.7224254343,5.0776608112,4.5945086207,4.2830106564,4.6689692498,5.2942306952,6.1871066543,12.4989161035,7.8677596836,6.9317119892,6.5042739622,6.8685975883,7.0432943491,6.9613588662,7.4074010082,7.1763768831,6.9428202169,7.2765423586,7.4164285635,7.587586752
ZAF,South Africa,ZA,NE.EXPO.GNFS.ZS,Exports of goods and services (% of GDP),units,Percentage of GDP,35.3786563381,28.3523900818,26.4565584931,24.7281399046,25.4811001282,31.4042153726,30.5508344656,30.2589985828,29.0872508502,26.6897535158,24.7427782779,22.4488411456,21.3278489456,21.4836340137,22.1540076095,22.9640351719,24.7123807381,24.5920176895,25.6682672239,25.3496932849,27.8709359788,30.1275383404,32.9990478737,27.8801323655,26.4224640758,27.3804295384,29.273893661,31.1738505107,28.0666667637,27.9118881738,28.615236928,30.4609516023,29.7238780375,30.9713311697,31.4686511014,30.1560366104,30.7025813073,29.7729000315,30.3454532787,30.059345924,29.8041282877
ZAF,South Africa,ZA,NE.IMP.GNFS.ZS,Imports of goods and services (% of GDP),units,Percentage of GDP,27.3477619238,30.3617337797,26.8713255343,21.0026497085,23.6638644108,22.5607381835,21.7532215979,20.3440312863,22.6011096098,21.3827099159,18.6511226925,17.4736958234,17.2999506731,17.810129187,19.8534262424,22.0925005127,23.17998544,23.4341475938,24.5252420454,22.7541485386,24.9154418981,26.0783504427,29.1541230197,23.877449767,26.7212756832,-27.850806005,31.0033706643,32.5092367772,28.0666667637,27.5063734285,27.373755826,29.6517000269,31.1758186912,33.2704139038,32.9658593732,31.4441031924,30.0879131741,28.4067359963,29.778351071,29.6601694914,29.7259946382
ZAF,South Africa,ZA,GC.BAL.CASH.GD.CD,"Central government, Fiscal Balance (Current US $)",millions,U.S. dollars,-1097.00821777093,-1835.14756042439,-2664.57607341495,-3542.3820119483,-4096.97113729945,-2261.1410308675,-2714.53265949188,-4423.3325843782,-3932.44929047985,-2187.11328133022,-2528.18411694138,-4338.34702781898,-8640.80758390959,-8027.06096060841,-7129.90891831423,-7053.43611878384,-6422.10082768643,-5870.2510410338,-3538.1982589108,-2678.88070079714,-2621.30769910763,-1714.42851995211,-1958.19794655146,-3822.34683944038,-2892.56053359471,-860.295561600213,1567.51909984507,2664.42879673742,996.401707985076,-13528.6741144259,-15982.1798503405,-14887.2805864181,-17899.7923618031,-15382.2846707474,-14044.1704529371,-14968.1426108252,-11708.3867009621,-13843.8705971356,-13898.2763402483,-15113.6156307479,-16195.9891043322
ZAF,South Africa,ZA,GC.REV.TOTL.GD.CD,"Central government, total revenue and grants  (Current US $)",millions,U.S. dollars,16482.4088341037,16814.4183310205,15799.4391321368,17391.8029173031,15898.3034422729,13100.7204649159,14831.0581871257,19060.7557987224,21332.7790321694,23663.3522588891,27238.5435411703,27681.0952612113,28745.0888048003,28488.370834996,30400.9782251965,33832.3449526606,32816.2348486982,34604.8284339027,32327.490903726,31777.345388867,31624.9855311567,28838.6250305123,25818.6923410546,39077.5248116113,52595.8364545424,62943.3180222771,68545.2362087337,75555.4744189434,73960.2471588489,76623.6010139585,104142.483896543,113828.141011169,106586.701820087,100770.606727995,97956.5819780677,90148.97474726,85013.0922803878,101005.257555016,103887.904247294,108302.832829033,112806.473947323
ZAF,South Africa,ZA,GC.XPN.TOTL.GD.CD,"Central government, total expenditure and net lending  (Current US $)",millions,U.S. dollars,17579.4170518747,18649.5658914449,18464.0152055518,20934.1849292514,19995.2745795723,15361.8614957834,17545.5908466176,23484.0883831006,25265.2283226493,25850.4655402193,29766.7276581117,32019.4422890303,37385.8963887099,36515.4317956044,37530.8871435107,40885.7810714444,39238.3356763847,40475.0794749365,35865.6891626369,34456.2260896642,34246.2932302644,30553.0535504644,27776.890287606,42899.8716510516,55488.3969881371,63803.6135838773,66977.7171088887,74557.8625158605,80486.5404423351,90152.2751283843,120124.663746884,128715.421597587,124486.49418189,116152.891398742,112000.752431005,105117.117358085,96721.4789813499,114849.128152151,117786.180587542,123416.44845978,129002.463051655
ZAF,South Africa,ZA,GC.BAL.CASH.GD.ZS,"Central government, Fiscal Balance (% of GDP)",units,Percentage of GDP,-1.3619480312,-2.2164533051,-3.5088442654,-4.1829017483,-5.4672468959,-3.9480212093,-4.1491584912,-5.1558733571,-4.2635162216,-2.2787426875,-2.2573570953,-3.6079710552,-6.6196861861,-6.1534779142,-5.2495307574,-4.6675447551,-4.4650433521,-3.9441190587,-2.6362156246,-2.0126100228,-1.971437882,-1.4460096842,-1.7625329903,-2.272240277,-1.3202431159,-0.348225196,0.5770650191,0.8898716411,0.3474577805,-4.5714789362,-4.25796017,-3.5750905502,-4.5163926851,-4.1954176812,-4.0053236819,-4.7138398352,-3.9589273988,-3.9681796298,-4.00000391,-4.194928932,-4.3262296446
ZAF,South Africa,ZA,GC.REV.TOTL.GD.ZS,"Central government, total revenue and grants  (% of GDP)",units,Percentage of GDP,20.4630958074,20.3081070354,20.8054751929,20.5365210707,21.2156608458,22.8742575305,22.6692468759,22.2173759523,23.1287532875,24.6547315967,24.3206652226,23.0208855674,22.021491097,21.8389472317,22.3832971887,22.3882348373,22.815884581,23.2503793102,24.0863372794,23.8739275734,23.7845768792,24.3235168974,23.2388646401,23.2301069296,24.0061669224,25.4778127812,25.2341793111,25.2341793111,25.7908663904,25.8919074471,27.7455611553,27.3351408215,26.8934628236,27.4845248452,27.9367029122,28.3901509571,28.7452634492,28.9519468362,29.8995366778,30.0604896903,30.1325660662
ZAF,South Africa,ZA,GC.XPN.TOTL.GD.ZS,"Central government, total expenditure and net lending  (% of GDP)",units,Percentage of GDP,21.8250438387,22.5245603404,24.3143194583,24.7194228189,26.6829077417,26.8222787398,26.8184053671,27.3732493095,27.3922695091,26.9334742842,26.5780223179,26.6288566226,28.6411772831,27.9924251458,27.632827946,27.0557795924,27.2809279332,27.1944983689,26.722552904,25.8865375962,25.7560147612,25.7695265817,25.0013976305,25.5023472066,25.3264100382,25.8260379772,24.6571142921,24.9009947492,28.0666667637,30.4633863833,32.0035213253,30.9102313717,31.4098555087,31.6799425264,31.9420265941,33.1039907923,32.704190848,32.920126466,33.8995405879,34.2554186223,34.4587957108
ZAF,South Africa,ZA,BG.CAB.CD,"Current account balance (Net, BoP, cur. US$)",millions,U.S. dollars,3287.10837165416,-5143.01994321993,-3422.04622913452,-403.91347295827,-1873.00941945865,2321.01979422526,2775.12590301875,5106.35162332018,2567.10375761045,1513.99588112104,1544.61490879255,1416.20486053382,1963.45911047472,2778.33899634085,15.7759808688223,-2493.79652625459,-1655.80486008269,-2220.60642912801,-2368.21172917534,-679.851466722717,-171.874324109994,333.484441654754,920.458327390298,-1665.49896228535,-6648.61626486726,-8569.29896702951,-12161.9127083165,-16118.835659214,-15878.0422262087,-8074.15886802695,-5633.62239512063,-9235.61213015766,-20334.9132735084,-21215.9306515914,-17780.5329559203,-14584.6075766983,-8238.69515945123,-8348.45691213863,-10962.6326680182,-11393.1723348128,-12995.7782576018
ZAF,South Africa,ZA,BG.WEO.ADB.CAB.GDP.ZS,Current account balance (As % of GDP),units,Percentage of GDP,4.080981986,-6.2116332207,-4.5063180619,-0.476947536,-2.4994574263,4.0525713566,4.2417751595,5.9520060462,2.7832243227,1.577424943,1.3791509094,1.1777817939,1.5041977297,2.1298514781,0.0116153653,-1.6502463056,-1.1512183756,-1.4919866421,-1.7644903722,-0.51076402,-0.1292635556,0.2812725795,0.828485277,-0.990075988,-3.0346088705,-3.4686286266,-4.4772751984,-5.3834032867,-5.5368725948,-2.728341808,-1.5009053831,-2.2178764926,-5.1308111125,-5.7865065225,-5.070914652,-4.5930551281,-2.7857293093,-2.3929851429,-3.1551087676,-3.1622842225,-3.4713978128
ZAF,South Africa,ZA,FP.CPI.TOTL.ZG,"Inflation, consumer prices (annual %)",units,percentage,,15.419988476,14.6389306691,12.3033892728,11.5262305782,16.2942976079,18.6548762574,16.1605604579,12.7796309309,14.7307973341,9.6972124267,15.5999992138,13.6999924124,9.900004748,8.8000040821,8.6999968421,7.3000109015,8.5999971853,7.1600020636,6.9399938955,7.7,5.8,9.1,5.8,1.3735274467,3.4,4.6,7.2,11.5,7.264562145,4.063538973,5.0171577328,5.723943662,5.7764041351,6.1360201511,4.509208278,6.5946044146,5.2810822326,4.8698771624,5.3235105182,5.5114309652
